"file_name","collision_name","offset","type"
"gameplay_dangeon_keep","gPushBlockCol","0x4E98","object"
"gameplay_dangeon_keep","gFloorSwitchCol","0x5FB8","object"
"gameplay_field_keep","gBgBombwallCol","0x41B0","object"
"gameplay_keep","gLargerCubeCol","0x39CE0","object"
"gameplay_keep","gWideTallBlockCol","0x3A278","object"
"gameplay_keep","gTallBlockCol","0x3A5F0","object"
"gameplay_keep","gSmallerFlatBlockCol","0x3A950","object"
"gameplay_keep","gLargerFlatBlockCol","0x3ACB0","object"
"gameplay_keep","gSmallerCubeCol","0x3B020","object"
"gameplay_keep_pal","gLargerCubeCol","0x394B0","object"
"gameplay_keep_pal","gWideTallBlockCol","0x39A48","object"
"gameplay_keep_pal","gTallBlockCol","0x39DC0","object"
"gameplay_keep_pal","gSmallerFlatBlockCol","0x3A120","object"
"gameplay_keep_pal","gLargerFlatBlockCol","0x3A480","object"
"gameplay_keep_pal","gSmallerCubeCol","0x3A7F0","object"
"object_am","gArmosCol","0x118","object"
"object_bdan_objects","gJabuElevatorCol","0x5048","object"
"object_bdan_objects","gJabuLoweringPlatformCol","0x5580","object"
"object_bdan_objects","gJabuFloorSwitchCol","0x5CF8","object"
"object_bdan_objects","gJabuBigOctoPlatformCol","0x8CE0","object"
"object_blkobj","gIllusionRoomCol","0x7564","object"
"object_bowl","gBowlingFirstAndFinalRoundCol","0xCB8","object"
"object_bowl","gBowlingSecondRoundCol","0x1B00","object"
"object_bowl","gBowlingDefaultCol","0x1C40","object"
"object_box","gTreasureChestCol","0x5FC8","object"
"object_brob","gBrobCol","0x1A70","object"
"object_bwall","object_bwall_Col_000118","0x118","object"
"object_d_elevator","object_d_elevator_Col_000360","0x360","object"
"object_d_hsblock","gHookshotTargetCol","0x578","object"
"object_d_hsblock","gHookshotPostCol","0x730","object"
"object_d_lift","gCollapsingPlatformCol","0x3D0","object"
"object_ddan_objects","gDodongoLowerJawCol","0x1DDC","object"
"object_ddan_objects","gDodongoRisingPlatformCol","0x3CE0","object"
"object_ddan_objects","gDodongoFallingStairsCol","0x4F30","object"
"object_demo_kekkai","gClearBlockCol","0xC080","object"
"object_demo_kekkai","gFireTrialPlatformCol","0xECD8","object"
"object_demo_kekkai","gWaterTrialIceBlockCol","0x4618","object"
"object_door_gerudo","gGerudoCellDoorCol","0x170","object"
"object_fd","gVolvagiaPlatformCol","0xD68","object"
"object_fd_pal","gVolvagiaPlatformCol","0xD68","object"
"object_gj","gGanonsCastleRubbleAroundArenaCol","0x1B70","object"
"object_gj","gGanonsCastleRubble4Col","0x2850","object"
"object_gj","gGanonsCastleRubble5Col","0x2D28","object"
"object_gj","gGanonsCastleRubble6Col","0x2FE4","object"
"object_gj","gGanonsCastleRubble7Col","0x33E0","object"
"object_gj","gGanonsCastleRubble2Col","0x1F70","object"
"object_gj","gGanonsCastleRubble3Col","0x2448","object"
"object_gj","gGanonsCastleRubbleTallCol","0x3AF0","object"
"object_gjyo_objects","gRainbowBridgeCol","0xDB8","object"
"object_gnd","gPhantomGanonBarsCol","0x12FD0","object"
"object_goma","gGohmaDoorCol","0x1D9D0","object"
"object_goma_pal","gGohmaDoorCol","0x1EDD0","object"
"object_gt","gTowerCollapseCsCollapsedStructureInnerCol","0x5CB8","object"
"object_gt","gTowerCollapseCsCollapsedStructureOuterCol","0x91E4","object"
"object_haka","gGravestoneCol","0x428","object"
"object_haka_objects","object_haka_objects_Col_000118","0x118","object"
"object_haka_objects","object_haka_objects_Col_004330","0x4330","object"
"object_haka_objects","object_haka_objects_Col_0044D0","0x44D0","object"
"object_haka_objects","object_haka_objects_Col_004780","0x4780","object"
"object_haka_objects","object_haka_objects_Col_004940","0x4940","object"
"object_haka_objects","object_haka_objects_Col_004B00","0x4B00","object"
"object_haka_objects","object_haka_objects_Col_004CC0","0x4CC0","object"
"object_haka_objects","object_haka_objects_Col_005334","0x5334","object"
"object_haka_objects","object_haka_objects_Col_005E30","0x5E30","object"
"object_haka_objects","object_haka_objects_Col_006F70","0x6F70","object"
"object_haka_objects","object_haka_objects_Col_0081D0","0x81D0","object"
"object_haka_objects","object_haka_objects_Col_008D10","0x8D10","object"
"object_haka_objects","object_haka_objects_Col_009168","0x9168","object"
"object_haka_objects","object_haka_objects_Col_009CD0","0x9CD0","object"
"object_haka_objects","object_haka_objects_Col_00A7F4","0xA7F4","object"
"object_haka_objects","object_haka_objects_Col_00A938","0xA938","object"
"object_haka_objects","object_haka_objects_Col_00E408","0xE408","object"
"object_haka_objects","object_haka_objects_Col_00ED7C","0xED7C","object"
"object_haka_objects","object_haka_objects_Col_0108B8","0x108B8","object"
"object_haka_objects","object_haka_objects_Col_010E10","0x10E10","object"
"object_haka_objects","object_haka_objects_Col_0131C4","0x131C4","object"
"object_hakach_objects","gBotwCoffinLidCol","0x0870","object"
"object_hakach_objects","gBotwBombSpotCol","0x0C2C","object"
"object_hakach_objects","gBotw1Col","0x1830","object"
"object_hakach_objects","gBotw2Col","0x1AB8","object"
"object_hata","gFlagpoleCol","0xC0","object"
"object_heavy_object","gHeavyBlockCol","0x169C","object"
"object_hidan_objects","gFireTempleHammerableTotemCol","0xDA10","object"
"object_hidan_objects","gFireTempleHookshotElevatorCol","0xE1E8","object"
"object_hidan_objects","gFireTempleStoneStep1Col","0xDE44","object"
"object_hidan_objects","gFireTempleStoneStep2Col","0xDD1C","object"
"object_hidan_objects","gFireTempleMetalFenceWithSlantCol","0xE2CC","object"
"object_hidan_objects","gFireTempleMetalFenceCol","0xE380","object"
"object_hidan_objects","gFireTempleMetalFence2Col","0xE430","object"
"object_hidan_objects","gFireTempleCrackedStoneFloorCol","0xD800","object"
"object_hidan_objects","gFireTempleBombableWallCol","0xD878","object"
"object_hidan_objects","gFireTempleLargeBombableWallCol","0xD8F8","object"
"object_hidan_objects","gFireTempleStoneBlock1Col","0xCB80","object"
"object_hidan_objects","gFireTempleStoneBlock2Col","0xDF78","object"
"object_hidan_objects","gFireTempleSpinningFlamethrowerCol","0xD5C0","object"
"object_hidan_objects","gFireTempleStationaryFlamethrowerShortCol","0xCC90","object"
"object_hidan_objects","gFireTempleStationaryFlamethrowerTallCol","0xCDA0","object"
"object_hidan_objects","gFireTempleStonePlatform1Col","0x120E8","object"
"object_hidan_objects","gFireTempleStonePlatform2Col","0xFAE8","object"
"object_hidan_objects","gFireTempleFlareDancerPlatformCol","0xE568","object"
"object_hidan_objects","gFireTempleTallestPillarAboveRoomBeforeBossCol","0xD054","object"
"object_hidan_objects","gFireTemplePillarInsertedInGroundCol","0xD188","object"
"object_ice_objects","object_ice_objects_Col_0003F0","0x3F0","object"
"object_ice_objects","gRedIcePlatformCol","0x1C1C","object"
"object_ice_objects","object_ice_objects_Col_002594","0x2594","object"
"object_ice_objects","object_ice_objects_Col_002854","0x2854","object"
"object_ice_objects","gRedIceWallCol","0x2920","object"
"object_ingate","gIngoGateCol","0x11B8","object"
"object_jj","gJabuJabuHeadCol","0x0A1C","object"
"object_jj","gJabuJabuBodyCol","0x1830","object"
"object_jj","gJabuJabuUnusedCol","0xBA8C","object"
"object_js","gCarpetMerchantCol","0x5EF8","object"
"object_jya_iron","gPillarCol","0x0D48","object"
"object_jya_iron","gThroneCol","0x1430","object"
"object_jya_obj","g1fliftCol","0x4A8","object"
"object_jya_obj","gAmishutterCol","0xC4C8","object"
"object_jya_obj","gBombiwaCol","0xE710","object"
"object_jya_obj","gCobraCol","0x1167C","object"
"object_jya_obj","gKanaamiCol","0xF208","object"
"object_jya_obj","gLiftCol","0xD7E8","object"
"object_jya_obj","GMegamiCol","0x5C4C","object"
"object_jya_obj","gZurerukabeCol","0x12508","object"
"object_kibako2","gLargeCrateCol","0xB70","object"
"object_kingdodongo","object_kingdodongo_Col_025B64","0x24764","object"
"object_kingdodongo","object_kingdodongo_Col_0264A8","0x250A8","object"
"object_kingdodongo_pal","object_kingdodongo_Col_025B64","0x25B64","object"
"object_kingdodongo_pal","object_kingdodongo_Col_0264A8","0x264A8","object"
"object_lightbox","object_lightbox_Col_0003A0","0x3A0","object"
"object_lightbox","object_lightbox_Col_000770","0x770","object"
"object_lightbox","object_lightbox_Col_000B40","0xB40","object"
"object_lightbox","object_lightbox_Col_001F10","0x1F10","object"
"object_mamenoki","gMagicBeanPlatformCol","0x5DC","object"
"object_menkuri_objects","gGTGRotatingRingPlatformCol","0x42D8","object"
"object_mizu_objects","gWaterTempleFloatingPlatformOutsideCentralPillarCol","0x03F0","object"
"object_mizu_objects","gWaterTempleFloatingPlatformWestCol","0x0998","object"
"object_mizu_objects","gWaterTempleFloatingPlatformInsideCentralPillarCol","0x0ED0","object"
"object_mizu_objects","gWaterTempleHookshotPlatformCol","0x15F8","object"
"object_mizu_objects","gWaterTempleDragonStatueCol","0x3590","object"
"object_mizu_objects","gObjectMizuObjectsBwallCol_001C58","0x1C58","object"
"object_mizu_objects","gObjectMizuObjectsBwallCol_001DE8","0x1DE8","object"
"object_mizu_objects","gObjectMizuObjectsBwallCol_0025A4","0x25A4","object"
"object_mizu_objects","gObjectMizuObjectsShutterCol_007250","0x7250","object"
"object_mizu_objects","gObjectMizuObjectsShutterCol_0073F0","0x73F0","object"
"object_mizu_objects","gObjectMizuObjectsUzuCol_0074EC","0x74EC","object"
"object_mjin","gWarpPadCol","0x658","object"
"object_mjin_oka","gOcarinaWarpPadCol","0x330","object"
"object_mori_hineri1","object_mori_hineri1_Col_0054B8","0x54B8","object"
"object_mori_hineri1a","object_mori_hineri1a_Col_003490","0x3490","object"
"object_mori_hineri2","object_mori_hineri2_Col_0043D0","0x43D0","object"
"object_mori_hineri2a","object_mori_hineri2a_Col_006078","0x6078","object"
"object_mori_objects","gMoriBigstCol","0x221C","object"
"object_mori_objects","gMoriElevatorCol","0x35F8","object"
"object_mori_objects","gMoriHashigoCol","0x37D8","object"
"object_mori_objects","gMoriHashira1Col","0x1AF8","object"
"object_mori_objects","gMoriHashira2Col","0x89E0","object"
"object_mori_objects","gMoriKaitenkabeCol","0x63B8","object"
"object_mori_objects","gMoriRakkatenjoCol","0x87AC","object"
"object_po_sisters","gPoSistersAmyBlockCol","0x7860","object"
"object_ps","gPoeSellerCol","0xC2D0","object"
"object_pu_box","gBlockSmallCol","0x350","object"
"object_pu_box","gBlockMediumCol","0x6D0","object"
"object_pu_box","gBlockTallCol","0xA50","object"
"object_pu_box","gBlockTallestCol","0x15D0","object"
"object_relay_objects","gDampeRaceDoorCol","0x3C4","object"
"object_relay_objects","gWindmillRotatingPlatformCol","0x25FC","object"
"object_siofuki","object_siofuki_Col_000D78","0xD78","object"
"object_spot00_break","gBrokenDrawbridgeCol","0x908","object"
"object_spot00_break","gBarbedWireFenceCol","0xAF0","object"
"object_spot00_objects","gHyruleFieldCastleDrawbridgeCol","0x05E0","object"
"object_spot00_objects","gHyruleFieldCastleDrawbridgeChainsCol","0x0280","object"
"object_spot01_matoya","gKakarikoShootingGalleryCol","0x1A38","object"
"object_spot01_matoya","gKakarikoBOTWStoneCol","0x3C64","object"
"object_spot01_matoyab","object_spot01_matoyab_col","0x1C58","object"
"object_spot01_matoyab","gKakarikoGuardGateCol","0x1DA8","object"
"object_spot01_objects","gKakarikoWellArchCol","0x075C","object"
"object_spot02_objects","object_spot02_objects_Col_0128D8","0x128D8","object"
"object_spot02_objects","object_spot02_objects_Col_012BA4","0x12BA4","object"
"object_spot02_objects","object_spot02_objects_Col_0133EC","0x133EC","object"
"object_spot03_object","object_spot03_object_Col_000C98","0xC98","object"
"object_spot04_objects","gDekuTreeMouthCol","0x0E94","object"
"object_spot05_objects","object_spot05_objects_Col_000918","0x918","object"
"object_spot05_objects","object_spot05_objects_Col_0012C0","0x12C0","object"
"object_spot06_objects","gLakeHyliaWaterTempleGateCol","0x0EE8","object"
"object_spot06_objects","gLakeHyliaZoraShortcutIceblockCol","0x1238","object"
"object_spot07_object","object_spot07_object_Col_002590","0x2590","object"
"object_spot07_object","object_spot07_object_Col_0038FC","0x38FC","object"
"object_spot08_obj","gZorasFountainIceRampCol","0x1904","object"
"object_spot08_obj","gZorasFountainIcebergCol","0x2FD8","object"
"object_spot08_obj","gZorasFountainBombableWallCol","0x39D4","object"
"object_spot09_obj","gValleyObjects1Col","0x5520","object"
"object_spot09_obj","gValleyObjects2Col","0x283C","object"
"object_spot09_obj","gValleyObjects3Col","0x8458","object"
"object_spot09_obj","gValleyObjects4Col","0x7580","object"
"object_spot11_obj","gDesertColossusBombableWallCol","0x1A58","object"
"object_spot12_obj","gGerudoFortressWastelandGateCol","0x11EC","object"
"object_spot12_obj","gGerudoFortressGTGShutterCol","0x238C","object"
"object_spot15_obj","gLonLonMilkCrateCol","0x348","object"
"object_spot15_obj","gLonLonCorralFenceCol","0x4D0","object"
"object_spot17_obj","gCraterBombableWallCol","0xA38","object"
"object_spot18_obj","gGoronCityVaseLidCol","0x368","object"
"object_spot18_obj","gGoronCityDoorCol","0x534","object"
"object_spot18_obj","gGoronCityVaseCol","0x2154","object"
"object_spot18_obj","gGoronCityStatueSpearCol","0x261C","object"
"object_spot18_obj","gGoronCityStatueCol","0x2FE4","object"
"object_sst","gBongoDrumCol","0x180F8","object"
"object_sst_pal","gBongoDrumCol","0x194F8","object"
"object_timeblock","gSongOfTimeBlockCol","0xB30","object"
"object_toki_objects","gDoorTokiCol","0x7888","object"
"object_umajump","gJumpableHorseFenceCol","0x1438","object"
"object_wood02","object_wood02_Col_007A70","0x7A70","object"
"object_ydan_objects","gDTRisingPlatformsCol","0x5780","object"
"object_ydan_objects","gDTWebWallCol","0x6050","object"
"object_ydan_objects","gDTWebFloorCol","0x6460","object"
"object_ydan_objects","gDTFallingLadderCol","0x66A8","object"
"object_ydan_objects","gDTSlidingPlatformCol","0x7798","object"
"object_zg","gTowerCollapseBarsCol","0x11D4","object"
"ovl_Bg_Ganon_Otyuka","sCol","0x13B0 ","overlay"
"ovl_En_Jsjutan","sCol","0x3968 ","overlay"
